{
    "train_loss": [
        0.47859145803931075,
        0.3935982521591713,
        0.35877324441928027,
        0.3426012668114884,
        0.327649404450449,
        0.3192925742513397,
        0.31016878461618264
    ],
    "val_loss": [
        0.49654570852695895,
        0.6067073364632533,
        0.8179673007239575,
        0.5542430107053461,
        0.5433974645204231,
        0.5892282668118387,
        0.608745131906704
    ],
    "train_acc": [
        0.7693888396811337,
        0.8209388839681133,
        0.8369884853852967,
        0.8426572187776794,
        0.8539946855624446,
        0.8562267493356953,
        0.8587068201948627
    ],
    "val_acc": [
        0.7764644076700814,
        0.760441292356186,
        0.6800630417651694,
        0.7520357236669294,
        0.7826372471762543,
        0.7499343314946152,
        0.7413974257945889
    ]
}